experiment_id,date,method,change,score,basic_mean_j,cooperation_mean_j,basic_collision,cooperation_collision,status,output
E001,2026-09-23,template_ppo,official copied baseline,66.666667,0.000000,0.133333,0.000000,0.000000,ok,outputs/P007/eval
E002,2026-09-23,rule_v1,local auction assignment plus PD pursuit search waypoints and avoidance,183.333333,0.083333,0.283333,0.000000,0.000000,ok,outputs/P007/rule-v1-eval
E003,2026-09-23,rule_v2_history,add four-step target memory smoothed velocity prediction and boundary reflection,183.333333,0.083333,0.283333,0.000000,0.000000,ok,outputs/P007/rule-v2-history-eval
E004,2026-09-23,rule_v3_no_fallback,remove nearest-visible fallback after losing target auction,183.333333,0.083333,0.283333,0.000000,0.000000,ok,outputs/P007/rule-v3-no-fallback-eval
E005,2026-09-23,rule_v4_gain7,increase pursuit direction gain from 5.0 to 7.0,183.333333,0.083333,0.283333,0.000000,0.000000,ok,outputs/P007/e005-gain7-eval
E006,2026-09-23,rule_v5_damping0,reduce far pursuit velocity damping from 0.35 to 0.0,183.333333,0.083333,0.283333,0.000000,0.000000,ok,outputs/P007/e006-damping0-eval
E007,2026-09-23,rule_v6_axis_clip,clip x and y pursuit commands independently instead of limiting direction magnitude,216.666667,0.100000,0.333333,0.000000,0.000000,ok,outputs/P007/e007-axis-clip-eval
E008,2026-09-24,grid_sequence,5x5 sensed-cell memory with fixed owned-cell order,213.333333,0.093333,0.333333,0.033333,0.000000,ok,outputs/P007/e008-grid-sequence-public
E009,2026-09-24,grid_utility,select owned search cell by novelty minus 0.35 times distance,216.666667,0.100000,0.333333,0.000000,0.000000,ok,outputs/P007/e009-grid-utility-public
E010,2026-09-24,grid_peer_overlap,add visible-peer sensing-overlap penalty to grid utility,216.666667,0.100000,0.333333,0.000000,0.000000,ok,outputs/P007/e010-peer-overlap-public
E011,2026-09-24,grid_age_recovery,restore observed-cell novelty linearly over five steps,216.666667,0.100000,0.333333,0.000000,0.000000,ok,outputs/P007/e011-age-recovery-public
H009-D,2026-09-26,short_intervention_oracle,one robot two-step residual chosen after full episode on dev40,169.166667,0.195000,0.143333,0.000000,0.000000,diagnostic_only,outputs/P007/h009-dev40-two-step.json
H009-S,2026-09-26,short_intervention_oracle,one robot two-step residual chosen after full episode on selection40,173.166667,0.158333,0.188000,0.000000,0.010000,diagnostic_only,outputs/P007/h009-selection40-two-step.json
H009-P,2026-09-26,short_intervention_oracle,one robot two-step residual chosen after full episode on public4,225.000000,0.116667,0.333333,0.000000,0.000000,diagnostic_only,outputs/P007/h009-public4-two-step.json
H010-32,2026-09-26,opportunity_gate,32x32 local opportunity classifier mean validation AP 0.1013,,,,,,offline_only,outputs/P007/h010-width-comparison.json
H010-64,2026-09-26,opportunity_gate,64x64 local opportunity classifier mean validation AP 0.0999,,,,,,offline_only,outputs/P007/h010-width-comparison.json
H011,2026-09-26,opportunity_diagnostic,geometry and counterfactual label stability on 44 independent positives,,,,,,diagnostic_only,outputs/P007/h011-opportunity-diagnostic.json
H012,2026-09-26,headroom_audit,rule versus no-contact estimate and full-state planner on H010 validation120,171.944444,,,,,diagnostic_only,outputs/P007/h012-validation120-v2.json
H013,2026-09-26,planner_observability,five planner-only episodes visible-action and single-agent ablations,,,,,,diagnostic_only,outputs/P007/h013-planner-observability-v2.json
H014-D,2026-09-27,intercept_selection,choose locally won target by predicted contact time on dev40,165.833333,,,,,no_gain,outputs/P007/h014-dev40.json
H014-S,2026-09-27,intercept_selection,choose locally won target by predicted contact time on selection40,165.666667,,,,,no_gain,outputs/P007/h014-selection40-corrected.json
H014-F,2026-09-27,intercept_selection,choose locally won target by predicted contact time on fresh120,156.944444,,,,,no_gain,outputs/P007/h014-fresh120.json
H015-D,2026-09-27,eligibility_fallback,allow nearest visible target when no locally won target on dev40,165.833333,,,,,no_gain,outputs/P007/h015-dev40.json
H015-S,2026-09-27,eligibility_fallback,allow nearest visible target when no locally won target on selection40,165.833333,,,,,rejected,outputs/P007/h015-selection40.json
H015-F,2026-09-27,eligibility_fallback,allow nearest visible target when no locally won target on fresh120,155.388889,,,,,rejected,outputs/P007/h015-fresh120.json
H016-D,2026-09-27,visible_tracking_gain12,change only visible assigned pursuit gain from 5 to 12 on dev40,170.000000,,,,,candidate,outputs/P007/h016-dev40.json
H016-S,2026-09-27,visible_tracking_gain12,change only visible assigned pursuit gain from 5 to 12 on selection40,171.500000,,,,,candidate,outputs/P007/h016-selection40.json
H016-F,2026-09-27,visible_tracking_gain12,change only visible assigned pursuit gain from 5 to 12 on fresh120,161.944444,,,,,candidate,outputs/P007/h016-fresh120.json
H016-P,2026-09-27,visible_tracking_gain12,change only visible assigned pursuit gain from 5 to 12 on public4,225.000000,,,,,local_clone,outputs/P007/h016-public8.json
H016-E,2026-09-27,visible_tracking_gain12,integrated entry official public suite local preview,225.000000,0.116667,0.333333,0.000000,0.000000,retained_local_preview,outputs/P007/H016_final_public
H017-D,2026-09-27,timed_visible_gain,visible gain 12 steps 0-6 then 5 steps 7-9 on dev40,168.333333,,,,,rejected,outputs/P007/h017-dev.json
H017-S,2026-09-27,timed_visible_gain,visible gain 12 steps 0-6 then 5 steps 7-9 on selection40,171.500000,,,,,no_gain,outputs/P007/h017-selection.json
H017-F,2026-09-27,timed_visible_gain,visible gain 12 steps 0-6 then 5 steps 7-9 on fresh120,170.722222,,,,,rejected,outputs/P007/h017-fresh.json
H018-D,2026-09-27,lateral_compensation,add visible lateral relative velocity gain 0.5 on dev40,170.000000,,,,,no_gain,outputs/P007/h018-dev.json
H018-S,2026-09-27,lateral_compensation,add visible lateral relative velocity gain 0.5 on selection40,171.500000,,,,,no_gain,outputs/P007/h018-selection.json
H018-F,2026-09-27,lateral_compensation,add visible lateral relative velocity gain 0.5 on fresh120,169.888889,,,,,rejected,outputs/P007/h018-fresh.json
H031-FINAL,2026-10-05,h031_local_coverage_assignment,H016 paired against unchanged H031 across three independent four case batches totaling 12000 episodes,167.975556,,,,,selected_local_paired,participant/P007/H031_FINAL_EVIDENCE.md
H031-DERIVED,2026-10-05,h031_official_entry_derived_suite,80 fresh scenarios via official evaluate_one local preview,175.750000,,,,,local_preview_derived_suite,participant/P007/H031_FINAL_EVIDENCE.md
H031-P007,2026-10-05,h031_selected_entry,official public eight episodes after local P007 integration,225.000000,0.116667,0.333333,0.000000,0.000000,local_preview,participant/P007/dev/h036-final-public8/result.json
